3o4o_static		
# total_frames:1 beg:0 end:0 stride:1 interaction_types:hp,sb,pc,ps,ts,vdw,hb		
# Columns: frame, atom_1, atom_2[, atom_3[, atom_4]]		
0	A:LYS:109	B:GLU:132
0	A:ASP:54	B:ARG:286
0	A:GLN:126	B:ASN:168
0	A:GLN:126	B:ASN:168
0	A:GLN:126	B:ASN:166
0	A:GLN:126	B:ASN:168
0	A:GLN:141	B:ASN:166
0	A:GLN:141	B:ASN:166
0	A:GLN:141	B:GLN:165
0	A:GLN:141	B:GLN:165
0	A:GLN:141	B:ASN:166
0	A:LYS:109	B:GLU:132
0	A:ASP:145	B:SER:185
0	A:ASP:145	B:SER:185
0	A:ASP:145	B:LEU:183
0	A:ASP:145	B:LEU:183
0	A:LYS:109	B:GLU:132
0	A:GLY:140	B:ASN:168
0	A:GLY:140	B:PHE:167
0	A:GLY:140	B:ASN:168
0	A:ASP:54	B:ARG:286
0	A:ILE:104	B:ARG:286
0	A:ILE:106	B:ILE:184
0	A:GLU:111	B:SER:185
0	A:LYS:138	B:SER:185
0	A:GLY:139	B:SER:185
0	A:GLY:139	B:SER:185
0	A:GLY:139	B:PHE:167
0	A:ASP:54	B:ARG:286
0	A:ILE:106	B:ILE:131
0	A:ASN:107	B:GLU:132
