"","receptor_1","receptor_2","receptor1_index","receptor2_index"
"1","M","M",1,1
"2","K","L",2,2
"3","V","R",3,3
"4","L","L",4,4
"5","L","Y",5,5
"6","R","V",6,6
"7","L","L",7,7
"8","I","V",8,8
"9","C","M",9,9
"10","F","G",10,10
"11","I","V",11,11
"12","A","S",12,12
"13","L","A",13,13
"14","L","F",14,14
"15","I","T",15,15
"16","S","L",16,16
"17","S","Q",17,17
"18","L","P",18,18
"19","E","A",19,19
"20","A","A",20,20
"21","D","H",21,21
"22","K","T",22,22
"23","C","G",23,23
"24","K","A",24,24
"25","E","A",25,25
"26","R","R",26,26
"27","E","S",27,27
"28","E","C",28,28
"29","K","R",29,29
"30","I","F",30,30
"31","I","R",31,31
"32","L","G",32,32
"33","V","R",33,33
"34","S","H",34,34
"35","S","Y",35,35
"36","A","K",36,36
"37","N","R",37,37
"38","E","E",38,38
"39","I","F",39,39
"40","D","R",40,40
"41","V","L",41,41
"42","R","E",42,42
"43","P","G",43,43
"44","C","E",44,44
"45","P","P",45,45
"46","L","V",46,46
"47","N","A",47,47
"48","P","L",48,48
"49","N","R",49,49
"50","E","C",50,50
"51",NA,"P",-1,51
"52",NA,"Q",-1,52
"53",NA,"V",-1,53
"54",NA,"P",-1,54
"55",NA,"Y",-1,55
"56",NA,"W",-1,56
"57",NA,"L",-1,57
"58",NA,"W",-1,58
"59",NA,"A",-1,59
"60",NA,"S",-1,60
"61",NA,"V",-1,61
"62",NA,"S",-1,62
"63","H","P",51,63
"64","K","R",52,64
"65","G","I",53,65
"66","T","N",54,66
"67","I","L",55,67
"68","T","T",56,68
"69","W","W",57,69
"70","Y","H",58,70
"71","K","K",59,71
"72","D","N",60,72
"73","D","D",61,73
"74","S","S",62,74
"75","K","A",63,75
"76","T","R",64,76
"77","P","T",65,77
"78","V","V",66,78
"79","S","P",67,79
"80","T","G",68,80
"81","E","E",69,81
"82","Q","E",70,82
"83","A","E",71,83
"84","S","T",72,84
"85","R","R",73,85
"86","I","M",74,86
"87","H","W",75,87
"88","Q","A",76,88
"89","H","Q",77,89
"90","K","D",78,90
"91","E","G",79,91
"92","K","A",80,92
"93","L","L",81,93
"94","W","W",82,94
"95","F","L",83,95
"96","V","L",84,96
"97","P","P",85,97
"98","A","A",86,98
"99","K","L",87,99
"100","V","Q",88,100
"101","E","E",89,101
"102","D","D",90,102
"103","S","S",91,103
"104","G","G",92,104
"105","H","T",93,105
"106","Y","Y",94,106
"107","Y","V",95,107
"108","C","C",96,108
"109","V","T",97,109
"110","V","T",98,110
"111","R","R",99,111
"112","N","N",100,112
"113","S","A",101,113
"114","S","S",102,114
"115","Y","Y",103,115
"116","C","C",104,116
"117","L","D",105,117
"118","R","K",106,118
"119","I","M",107,119
"120","K","S",108,120
"121","I","I",109,121
"122","S","E",110,122
"123","A","L",111,123
"124","K","R",112,124
"125","F","V",113,125
"126","V","F",114,126
"127","E","E",115,127
"128","N","N",116,128
"129","E",NA,117,-1
"130","P",NA,118,-1
"131","N","T",119,129
"132","L","D",120,130
"133","C","A",121,131
"134","Y","F",122,132
"135","N","L",123,133
"136","A","P",124,134
"137","Q","F",125,135
"138","A","I",126,136
"139","I","S",127,137
"140","F","Y",128,138
"141","K","P",129,139
"142","Q","Q",130,140
"143","K","I",131,141
"144","L","L",132,142
"145","P","T",133,143
"146","V","L",134,144
"147","A","S",135,145
"148","G","T",136,146
"149","D","S",137,147
"150","G","G",138,148
"151","G","V",139,149
"152","L","L",140,150
"153","V","V",141,151
"154","C","C",142,152
"155","P","P",143,153
"156","Y","D",144,154
"157","M","L",145,155
"158","E","S",146,156
"159","F","E",147,157
"160","F","F",148,158
"161","K","T",149,159
"162","N","R",150,160
"163","E",NA,151,-1
"164","N","D",152,161
"165","N","K",153,162
"166","E","T",154,163
"167","L","D",155,164
"168","P","V",156,165
"169","K","K",157,166
"170","L","I",158,167
"171","Q","Q",159,168
"172","W","W",160,169
"173","Y","Y",161,170
"174","K","K",162,171
"175","D","D",163,172
"176","C","S",164,173
"177","K","L",165,174
"178","P","L",166,175
"179","L","L",167,176
"180","L","D",168,177
"181","L","K",169,178
"182","D","D",170,179
"183","N","N",171,180
"184","I","E",172,181
"185","H","K",173,182
"186","F","F",174,183
"187","S","L",175,184
"188","G","S",176,185
"189","V","V",177,186
"190","K","R",178,187
"191",NA,"G",-1,188
"192",NA,"T",-1,189
"193","D","T",179,190
"194","R","H",180,191
"195","L","L",181,192
"196","I","L",182,193
"197","V","V",183,194
"198","M","H",184,195
"199","N","D",185,196
"200","V","V",186,197
"201","A","A",187,198
"202","E","L",188,199
"203","K","E",189,200
"204","H","D",190,201
"205","R","A",191,202
"206","G","G",192,203
"207","N","Y",193,204
"208","Y","Y",194,205
"209","T","R",195,206
"210","C","C",196,207
"211","H","V",197,208
"212","A","L",198,209
"213","S","T",199,210
"214","Y","F",200,211
"215","T","A",201,212
"216","Y","H",202,213
"217","L","E",203,214
"218","G","G",204,215
"219","K","Q",205,216
"220","Q","Q",206,217
"221","Y","Y",207,218
"222","P","N",208,219
"223","I","I",209,220
"224","T","T",210,221
"225","R","R",211,222
"226","V","S",212,223
"227","I","I",213,224
"228","E","E",214,225
"229","F","L",215,226
"230","I","R",216,227
"231","T","I",217,228
"232","L","K",218,229
"233","E","K",219,230
"234","E","K",220,231
"235","N","K",221,232
"236","K","E",222,233
"237","P","E",223,234
"238","T","T",224,235
"239","R","I",225,236
"240","P","P",226,237
"241","V","V",227,238
"242","I","I",228,239
"243","V","I",229,240
"244","S","S",230,241
"245","P","P",231,242
"246","A","L",232,243
"247","N",NA,233,-1
"248","E","K",234,244
"249","T","T",235,245
"250","M","I",236,246
"251","E","S",237,247
"252","V","A",238,248
"253","D","S",239,249
"254","L","L",240,250
"255","G","G",241,251
"256","S","S",242,252
"257","Q","R",243,253
"258","I","L",244,254
"259","Q","T",245,255
"260","L","I",246,256
"261","I","P",247,257
"262","C","C",248,258
"263","N","K",249,259
"264","V","V",250,260
"265","T","F",251,261
"266","G","L",252,262
"267",NA,"G",-1,263
"268",NA,"T",-1,264
"269",NA,"G",-1,265
"270",NA,"T",-1,266
"271","Q","P",253,267
"272","L","L",254,268
"273","S","T",255,269
"274","D","T",256,270
"275","I","M",257,271
"276","A","L",258,272
"277","Y","W",259,273
"278","W","W",260,274
"279","K","T",261,275
"280","W","A",262,276
"281","N","N",263,277
"282","G","D",264,278
"283","S","T",265,279
"284","V","H",266,280
"285","I","I",267,281
"286","D","E",268,282
"287","E","S",269,283
"288","D","A",270,284
"289","D","Y",271,285
"290","P","P",272,286
"291","V","G",273,287
"292","L","G",274,288
"293","G",NA,275,-1
"294","E",NA,276,-1
"295","D",NA,277,-1
"296","Y",NA,278,-1
"297","Y",NA,279,-1
"298","S",NA,280,-1
"299","V",NA,281,-1
"300","E",NA,282,-1
"301","N",NA,283,-1
"302","P",NA,284,-1
"303","A",NA,285,-1
"304","N",NA,286,-1
"305","K",NA,287,-1
"306","R",NA,288,-1
"307","R",NA,289,-1
"308","S",NA,290,-1
"309","T",NA,291,-1
"310","L",NA,292,-1
"311","I",NA,293,-1
"312","T",NA,294,-1
"313","V",NA,295,-1
"314","L",NA,296,-1
"315","N",NA,297,-1
"316","I",NA,298,-1
"317","S",NA,299,-1
"318","E",NA,300,-1
"319","I",NA,301,-1
"320","E",NA,302,-1
"321","S",NA,303,-1
"322","R","R",304,289
"323","F","V",305,290
"324","Y","T",306,291
"325","K","E",307,292
"326","H","G",308,293
"327","P","P",309,294
"328","F","R",310,295
"329","T","Q",311,296
"330","C","E",312,297
"331","F","Y",313,298
"332","A","S",314,299
"333","K","E",315,300
"334","N","N",316,301
"335","T","N",317,302
"336","H","E",318,303
"337","G",NA,319,-1
"338","I","N",320,304
"339","D","Y",321,305
"340","A","I",322,306
"341","A","E",323,307
"342","Y","V",324,308
"343","I","P",325,309
"344","Q","L",326,310
"345","L","I",327,311
"346","I","F",328,312
"347","Y","D",329,313
"348","P","P",330,314
"349","V","V",331,315
"350","T","T",332,316
"351","N","R",333,317
"352","F","E",334,318
"353","Q","D",335,319
"354","K","L",336,320
"355","H","H",337,321
"356","M","M",338,322
"357","I","D",339,323
"358","G","F",340,324
"359","I","K",341,325
"360","C","C",342,326
"361","V","V",343,327
"362","T","V",344,328
"363","L","H",345,329
"364","T","N",346,330
"365","V","T",347,331
"366","I","L",348,332
"367","I","S",349,333
"368","V","F",350,334
"369","C","Q",351,335
"370","S","T",352,336
"371","V","L",353,337
"372","F","R",354,338
"373","I","T",355,339
"374","Y","T",356,340
"375","K","V",357,341
"376","I","K",358,342
"377","F","E",359,343
"378","K","A",360,344
"379","I","S",361,345
"380","D","S",362,346
"381","I","T",363,347
"382","V","F",364,348
"383","L","S",365,349
"384","W","W",366,350
"385","Y","G",367,351
"386","R",NA,368,-1
"387","D",NA,369,-1
"388","S",NA,370,-1
"389","C",NA,371,-1
"390","Y",NA,372,-1
"391","D",NA,373,-1
"392","F",NA,374,-1
"393","L",NA,375,-1
"394","P",NA,376,-1
"395","I",NA,377,-1
"396","K",NA,378,-1
"397","A",NA,379,-1
"398","S",NA,380,-1
"399","D",NA,381,-1
"400","G",NA,382,-1
"401","K",NA,383,-1
"402","T",NA,384,-1
"403","Y",NA,385,-1
"404","D",NA,386,-1
"405","A",NA,387,-1
"406","Y",NA,388,-1
"407","I",NA,389,-1
"408","L",NA,390,-1
"409","Y",NA,391,-1
"410","P",NA,392,-1
"411","K",NA,393,-1
"412","T",NA,394,-1
"413","V",NA,395,-1
"414","G",NA,396,-1
"415","E",NA,397,-1
"416","G",NA,398,-1
"417","S",NA,399,-1
"418","T",NA,400,-1
"419","S",NA,401,-1
"420","D",NA,402,-1
"421","C",NA,403,-1
"422","D",NA,404,-1
"423","I",NA,405,-1
"424","F",NA,406,-1
"425","V",NA,407,-1
"426","F",NA,408,-1
"427","K",NA,409,-1
"428","V",NA,410,-1
"429","L",NA,411,-1
"430","P",NA,412,-1
"431","E",NA,413,-1
"432","V",NA,414,-1
"433","L",NA,415,-1
"434","E",NA,416,-1
"435","K",NA,417,-1
"436","Q",NA,418,-1
"437","C",NA,419,-1
"438","G",NA,420,-1
"439","Y",NA,421,-1
"440","K",NA,422,-1
"441","L",NA,423,-1
"442","F",NA,424,-1
"443","I",NA,425,-1
"444","Y",NA,426,-1
"445","G",NA,427,-1
"446","R",NA,428,-1
"447","D",NA,429,-1
"448","D",NA,430,-1
"449","Y",NA,431,-1
"450","V",NA,432,-1
"451","G",NA,433,-1
"452","E",NA,434,-1
"453","D",NA,435,-1
"454","I",NA,436,-1
"455","V",NA,437,-1
"456","E",NA,438,-1
"457","V",NA,439,-1
"458","I",NA,440,-1
"459","N",NA,441,-1
"460","E",NA,442,-1
"461","N",NA,443,-1
"462","V",NA,444,-1
"463","K",NA,445,-1
"464","K",NA,446,-1
"465","S",NA,447,-1
"466","R",NA,448,-1
"467","R",NA,449,-1
"468","L",NA,450,-1
"469","I",NA,451,-1
"470","I","I",452,352
"471","I","V",453,353
"472","L","L",454,354
"473","V","A",455,355
"474","R","P",456,356
"475","E","L",457,357
"476","T","S",458,358
"477","S","L",459,359
"478","G","A",460,360
"479","F","F",461,361
"480","S","L",462,362
"481","W","V",463,363
"482","L","L",464,364
"483","G","G",465,365
"484","G","G",466,366
"485","S","I",467,367
"486","S","W",468,368
"487","E","M",469,369
"488","E","H",470,370
"489","Q","R",471,371
"490","I","R",472,372
"491","A","C",473,373
"492","M","K",474,374
"493","Y","H",475,375
"494","N","R",476,376
"495","A","T",477,377
"496","L","G",478,378
"497","V","K",479,379
"498","Q","A",480,380
"499","D","D",481,381
"500","G","G",482,382
"501","I","L",483,383
"502","K","T",484,384
"503","V","V",485,385
"504","V","L",486,386
"505","L","W",487,387
"506","L","P",488,388
"507","E","H",489,389
"508","L","H",490,390
"509","E","Q",491,391
"510","K","D",492,392
"511","I","F",493,393
"512","Q","Q",494,394
"513","D","S",495,395
"514","Y","Y",496,396
"515","E","P",497,397
"516","K","K",498,398
"517","M",NA,499,-1
"518","P",NA,500,-1
"519","E",NA,501,-1
"520","S",NA,502,-1
"521","I",NA,503,-1
"522","K",NA,504,-1
"523","F",NA,505,-1
"524","I",NA,506,-1
"525","K",NA,507,-1
"526","Q",NA,508,-1
"527","K",NA,509,-1
"528","H",NA,510,-1
"529","G",NA,511,-1
"530","A",NA,512,-1
"531","I",NA,513,-1
"532","R",NA,514,-1
"533","W",NA,515,-1
"534","S",NA,516,-1
"535","G",NA,517,-1
"536","D",NA,518,-1
"537","F",NA,519,-1
"538","T",NA,520,-1
"539","Q",NA,521,-1
"540","G",NA,522,-1
"541","P",NA,523,-1
"542","Q",NA,524,-1
"543","S",NA,525,-1
"544","A",NA,526,-1
"545","K",NA,527,-1
"546","T",NA,528,-1
"547","R",NA,529,-1
"548","F",NA,530,-1
"549","W",NA,531,-1
"550","K",NA,532,-1
"551","N",NA,533,-1
"552","V",NA,534,-1
"553","R",NA,535,-1
"554","Y",NA,536,-1
"555","H",NA,537,-1
"556","M",NA,538,-1
"557","P",NA,539,-1
"558","V",NA,540,-1
"559","Q",NA,541,-1
"560","R",NA,542,-1
"561","R",NA,543,-1
"562","S",NA,544,-1
"563","P",NA,545,-1
"564","S",NA,546,-1
"565","S",NA,547,-1
"566","K",NA,548,-1
"567","H",NA,549,-1
"568","Q",NA,550,-1
"569","L",NA,551,-1
"570","L",NA,552,-1
"571","S",NA,553,-1
"572","P",NA,554,-1
"573","A",NA,555,-1
"574","T",NA,556,-1
"575","K",NA,557,-1
"576","E",NA,558,-1
"577","K",NA,559,-1
"578","L",NA,560,-1
"579","Q",NA,561,-1
"580","R",NA,562,-1
"581","E",NA,563,-1
"582","A",NA,564,-1
"583","H",NA,565,-1
"584","V",NA,566,-1
"585","P",NA,567,-1
"586","L",NA,568,-1
"587","G",NA,569,-1
