"","frame","atom1","atom2","atom3","atom4"
"1",0,"A:LYS:27","B:GLU:11",NA,NA
"2",0,"A:GLU:51","B:LYS:298",NA,NA
"3",0,"A:LYS:93","B:GLU:259",NA,NA
"4",0,"A:HIS:30","B:TYR:127",NA,NA
"5",0,"A:ALA:127","B:GLU:129",NA,NA
"6",0,"A:GLU:51","B:HOH:323",NA,NA
"7",0,"A:ASN:53","B:HOH:323",NA,NA
"8",0,"A:GLN:14","B:ARG:163",NA,NA
"9",0,"A:GLU:25","B:ASN:30",NA,NA
"10",0,"A:GLU:25","B:PRO:31",NA,NA
"11",0,"A:GLU:128","B:GLU:129",NA,NA
"12",0,"A:GLU:128","B:TYR:127",NA,NA
"13",0,"A:GLN:14","B:VAL:124",NA,NA
"14",0,"A:GLU:105","B:THR:300",NA,NA
"15",0,"A:ASN:53","B:ILE:303",NA,NA
"16",0,"A:LYS:94","B:GLU:252",NA,NA
"17",0,"A:LYS:94","B:ASP:251",NA,NA
"18",0,"A:GLN:48","B:VAL:249",NA,NA
"19",0,"A:GLN:48","B:TYR:261",NA,NA
"20",0,"A:GLU:128","B:TYR:1272",NA,NA
"21",0,"A:HIS:30","B:PHE:111",NA,NA
"22",0,"A:HIS:30","B:PRO:126",NA,NA
"23",0,"A:HIS:30","B:GLN:113",NA,NA
"24",0,"A:HIS:30","B:VAL:124",NA,NA
"25",0,"A:GLN:15","B:GLN:113",NA,NA
"26",0,"A:GLN:15","B:GLY:122",NA,NA
"27",0,"A:GLN:15","B:LEU:115",NA,NA
"28",0,"A:GLN:15","B:LYS:114",NA,NA
"29",0,"A:ASN:108","B:ASN:204",NA,NA
"30",0,"A:LYS:92","B:GLU:252",NA,NA
"31",0,"A:LYS:93","B:GLU:252",NA,NA
"32",0,"A:LYS:93","B:TYR:261",NA,NA
"33",0,"A:LYS:93","B:ILE:250",NA,NA
"34",0,"A:PHE:46","B:ILE:240",NA,NA
"35",0,"A:LEU:31","B:HOH:320",NA,NA
"36",0,"A:PHE:150","B:SER:238",NA,NA
"37",0,"A:HOH:161","B:LYS:112",NA,NA
"38",0,"A:PRO:2","B:TYR:261",NA,NA
"39",0,"A:ARG:4","B:HOH:325",NA,NA
"40",0,"A:ASP:35","B:ILE:13",NA,NA
"41",0,"A:ARG:4","B:HOH:328",NA,NA
"42",0,"A:ARG:4","B:SER:263",NA,NA
"43",0,"A:ARG:4","B:LEU:237",NA,NA
"44",0,"A:GLN:32","B:VAL:16",NA,NA
"45",0,"A:GLN:32","B:ALA:109",NA,NA
"46",0,"A:GLN:32","B:ILE:14",NA,NA
"47",0,"A:GLN:32","B:LEU:15",NA,NA
"48",0,"A:GLN:32","B:PHE:111",NA,NA
"49",0,"A:GLN:32","B:ILE:110",NA,NA
"50",0,"A:LEU:31","B:PHE:111",NA,NA
"51",0,"A:ARG:11","B:LYS:114",NA,NA
"52",0,"A:LEU:6","B:LEU:237",NA,NA
"53",0,"A:LEU:6","B:SER:238",NA,NA
"54",0,"A:ARG:4","B:ASP:239",NA,NA
"55",0,"A:ARG:4","B:LEU:275",NA,NA
"56",0,"A:ALA:1","B:TYR:261",NA,NA
"57",0,"A:ALA:1","B:ASP:260",NA,NA
"58",0,"A:GLN:38","B:LYS:12",NA,NA
"59",0,"A:GLN:34","B:ILE:14",NA,NA
"60",0,"A:GLN:34","B:GLN:108",NA,NA
"61",0,"A:GLY:33","B:ILE:110",NA,NA
"62",0,"A:GLY:33","B:LYS:112",NA,NA
"63",0,"A:SER:152","B:GLU:265",NA,NA
"64",0,"A:ARG:4","B:ALA:241","B:HOH:328",NA
"65",0,"A:ARG:4","B:ALA:241","B:HOH:328","B:HOH:325"
"66",0,"A:GLU:51","B:LYS:298","B:HOH:323",NA
"67",0,"A:ARG:11","B:LYS:112","A:HOH:161",NA
"68",0,"A:LEU:31","B:LYS:112","B:HOH:320",NA
"69",0,"A:ARG:4","B:TYR:262","B:HOH:328","B:HOH:319"
"70",0,"A:ARG:4","B:ILE:276","B:HOH:328","B:HOH:319"
"71",0,"A:ARG:4","B:THR:277","B:HOH:328","B:HOH:319"
